use bdalmacen;
INSERT INTO cajeros (Cajero,NomApels) values (1,"Jose Perez");
INSERT INTO cajeros (Cajero,NomApels) values (2,"Pedro Lopez");
INSERT INTO cajeros (Cajero,NomApels) values (3,"Juan Osorio");
INSERT INTO cajeros (Cajero,NomApels) values (4,"Angel Ramirez");
INSERT INTO cajeros (Cajero,NomApels) values (5,"Arturo Mendoza");
INSERT INTO cajeros (Cajero,NomApels) values (6,"Pablo Juarez");
INSERT INTO cajeros (Cajero,NomApels) values (7,"Armando Alvarez");
INSERT INTO cajeros (Cajero,NomApels) values (8,"Diego Perdomo");
INSERT INTO cajeros (Cajero,NomApels) values (9,"Antonio Rodriguez");
INSERT INTO cajeros (Cajero,NomApels) values (10,"Miguel Martinez");
INSERT INTO productos (Producto,Nombre,Precio) values (1,"Jabon Axion",15.50);
INSERT INTO productos (Producto,Nombre,Precio) values (2,"Aceite",26.50);
INSERT INTO productos (Producto,Nombre,Precio) values (3,"Queso",30.50);
INSERT INTO productos (Producto,Nombre,Precio) values (4,"Coca Cola 2 lts",26);
INSERT INTO productos (Producto,Nombre,Precio) values (5,"Papas Fritas",13);
INSERT INTO productos (Producto,Nombre,Precio) values (6,"Cepillo de Dientes",18);
INSERT INTO productos (Producto,Nombre,Precio) values (7,"Pasta Dental",25.50);
INSERT INTO productos (Producto,Nombre,Precio) values (8,"Gel Antibacterial",48.99);
INSERT INTO productos (Producto,Nombre,Precio) values (9,"Chocolates",20.99);
INSERT INTO productos (Producto,Nombre,Precio) values (10,"Pan Integral",36.50);
INSERT INTO productos (Producto,Nombre,Precio) values (11,"Pan Tostado",24.00);
INSERT INTO productos (Producto,Nombre,Precio) values (12,"Cerveza 355ml",18.50);
INSERT INTO productos (Producto,Nombre,Precio) values (13,"Comida para mascotas",18.99);
INSERT INTO productos (Producto,Nombre,Precio) values (14,"Jabon Neutro",35.00);
INSERT INTO productos (Producto,Nombre,Precio) values (15,"Lata de Chiles",13.50);
INSERT INTO productos (Producto,Nombre,Precio) values (16,"Frijoles Refritos",17.50);
INSERT INTO productos (Producto,Nombre,Precio) values (17,"Huevo",37);
INSERT INTO productos (Producto,Nombre,Precio) values (18,"Lata de Atun",20);
INSERT INTO productos (Producto,Nombre,Precio) values (19,"TV 32",3000);
INSERT INTO productos (Producto,Nombre,Precio) values (20,"Lavadora",4999.99);
INSERT INTO maquinas_registradoras (maquina,piso) values (1,1);
INSERT INTO maquinas_registradoras (maquina,piso) values (2,1);
INSERT INTO maquinas_registradoras (maquina,piso) values (3,1);
INSERT INTO maquinas_registradoras (maquina,piso) values (4,1);
INSERT INTO maquinas_registradoras (maquina,piso) values (5,1);
INSERT INTO maquinas_registradoras (maquina,piso) values (6,2);
INSERT INTO maquinas_registradoras (maquina,piso) values (7,2);
INSERT INTO maquinas_registradoras (maquina,piso) values (8,2);
INSERT INTO maquinas_registradoras (maquina,piso) values (9,2);
INSERT INTO maquinas_registradoras (maquina,piso) values (10,2);
INSERT INTO venta (cajero,maquina,producto) values (1,1,18);
INSERT INTO venta (cajero,maquina,producto) values (1,2,8);
INSERT INTO venta (cajero,maquina,producto) values (2,2,12);
INSERT INTO venta (cajero,maquina,producto) values (3,9,17);
INSERT INTO venta (cajero,maquina,producto) values (4,8,10);
INSERT INTO venta (cajero,maquina,producto) values (5,3,15);
INSERT INTO venta (cajero,maquina,producto) values (6,4,11);
INSERT INTO venta (cajero,maquina,producto) values (7,5,17);
INSERT INTO venta (cajero,maquina,producto) values (8,6,1);
INSERT INTO venta (cajero,maquina,producto) values (9,7,2);
INSERT INTO venta (cajero,maquina,producto) values (10,10,16);
INSERT INTO venta (cajero,maquina,producto) values (3,1,17);
INSERT INTO venta (cajero,maquina,producto) values (4,2,9);
INSERT INTO venta (cajero,maquina,producto) values (4,2,17);
INSERT INTO venta (cajero,maquina,producto) values (4,1,13);
INSERT INTO venta (cajero,maquina,producto) values (9,9,12);
INSERT INTO venta (cajero,maquina,producto) values (8,1,14);
INSERT INTO venta (cajero,maquina,producto) values (7,9,15);
INSERT INTO venta (cajero,maquina,producto) values (10,10,11);
INSERT INTO venta (cajero,maquina,producto) values (9,7,13);
INSERT INTO venta (cajero,maquina,producto) values (2,2,17);
INSERT INTO venta (cajero,maquina,producto) values (2,1,9);
INSERT INTO venta (cajero,maquina,producto) values (3,1,10);
INSERT INTO venta (cajero,maquina,producto) values (8,9,11);
INSERT INTO venta (cajero,maquina,producto) values (10,9,14);
INSERT INTO venta (cajero,maquina,producto) values (1,8,14);
INSERT INTO venta (cajero,maquina,producto) values (5,4,16);
INSERT INTO venta (cajero,maquina,producto) values (8,8,8);
INSERT INTO venta (cajero,maquina,producto) values (7,10,1);
INSERT INTO venta (cajero,maquina,producto) values (7,7,7);
INSERT INTO venta (cajero,maquina,producto) values (9,10,17);
INSERT INTO venta (cajero,maquina,producto) values (1,8,7);
INSERT INTO venta (cajero,maquina,producto) values (1,7,5);
INSERT INTO venta (cajero,maquina,producto) values (2,3,13);
INSERT INTO venta (cajero,maquina,producto) values (5,8,14);
INSERT INTO venta (cajero,maquina,producto) values (8,9,9);
INSERT INTO venta (cajero,maquina,producto) values (7,1,3);
INSERT INTO venta (cajero,maquina,producto) values (8,1,2);
INSERT INTO venta (cajero,maquina,producto) values (7,7,3);
INSERT INTO venta (cajero,maquina,producto) values (4,6,4);
INSERT INTO venta (cajero,maquina,producto) values (6,4,20);
INSERT INTO venta (cajero,maquina,producto) values (9,9,19);